kata,sentimen
a+,positif
acungan jempol,positif
adaptif,positif
adil,positif
afinitas,positif
afirmasi,positif
agilely,positif
agung,positif
ahli,positif
ahlinya,positif
ajaib,positif
aklamasi,positif
akomodatif,positif
akurat,positif
alam mimpi,positif
alhamdulillah,positif
allahu akbar,positif
altruistis,positif
aman,positif
amanah,positif
amat,positif
ambisius,positif
andal,positif
aneh,positif
anggun,positif
angin sepoi-sepoi,positif
angkat,positif
antusias,positif
antusiasme,positif
apik,positif
apresiasi,positif
asli,positif
aspirasi,positif
asyik,positif
bagos,positif
bagus,positif
bahagia,positif
baik,positif
baik diposisikan,positif
baik sekali,positif
baik-baik,positif
bakat,positif
bangga,positif
bantuan,positif
banyak,positif
banyak akal,positif
barang baru,positif
batu permata,positif
bebas,positif
bebas masalah,positif
bebas pulsa,positif
bebas rasa sakit,positif
bebas resiko,positif
bekerja,positif
bekerja keras,positif
belas kasihan,positif
benar,positif
benar-benar,positif
bengal,positif
beradaptasi,positif
beralasan,positif
berani,positif
berapi,positif
berarti,positif
berbaik hati,positif
berbakat,positif
berbesar hati,positif
berbudi luhur,positif
bercacat,positif
bercahaya,positif
bercanda,positif
bercita-cita,positif
berdaya cipta,positif
berdebar,positif
berdedikasi,positif
berdikari,positif
berempati,positif
bergairah,positif
bergaya,positif
bergema,positif
bergembira,positif
bergembira sekali,positif
bergengsi,positif
bergizi,positif
berguna,positif
berharga,positif
berhasil,positif
berhutang,positif
berikut,positif
berimbang,positif
berisi,positif
beristirahat,positif
berjanji,positif
berjasa,positif
berjaya,positif
berjenis,positif
berjuang,positif
berkapasitas besar,positif
berkat,positif
berkeinginan,positif
berkelakuan baik,positif
berkelanjutan,positif
berkembang,positif
berkeyakinan,positif
berkilau,positif
berkilauan,positif
berkualitas,positif
berlangsung mudah,positif
berlimpah,positif
berlimpah-limpah,positif
bermaksud baik,positif
bermanfaat,positif
bermanuver,positif
bermartabat,positif
bernilai,positif
berpendidikan,positif
berpendidikan baik,positif
berpengalaman,positif
berpengaruh,positif
berpengetahuan luas,positif
berpijar,positif
bersatu,positif
bersedia melakukan,positif
bersemangat,positif
bersemangat meluap-luap,positif
bersenang-senang,positif
bersenda gurau,positif
berseri,positif
bersifat dermawan,positif
bersifat mendamaikan,positif
bersih,positif
bersinar,positif
bersorak,positif
bersubsidi,positif
bersuka cita,positif
bersuka ria,positif
bersyukur,positif
bertanggung jawab,positif
bertekun,positif
berterimakasih,positif
beruntung,positif
berwarna ria,positif
berwawasan,positif
besar,positif
besar sekali,positif
biaya rendah,positif
bijak,positif
bijaksana,positif
bikin cemburu,positif
bimbingan,positif
bintang rock,positif
bisa digunakan,positif
bisa diterapkan,positif
bonus,positif
boros,positif
brilian,positif
cahaya,positif
cahaya redup,positif
cakap,positif
cantik,positif
cashbacks,positif
cekatan,positif
cemas,positif
cemerlang,positif
cepat,positif
cerah,positif
cerdas,positif
cerdik,positif
cergas,positif
cermat,positif
cetar,positif
cetar membahana,positif
cinta,positif
cocok,positif
contoh,positif
cukup,positif
cukup besar,positif
cukuplah,positif
damai,positif
dapat diandalkan,positif
dapat dicapai,positif
dapat diganti,positif
dapat dipercaya,positif
dapat diraih,positif
dapat disesuaikan,positif
daya tarik,positif
dengan mewah,positif
dengan senang hati,positif
dengan sopan,positif
dermawan,positif
dewasa,positif
diakses,positif
diakui,positif
diam,positif
dianggap baik,positif
dibaca,positif
dibebaskan,positif
diberikan,positif
dibersihkan,positif
dibuat dengan baik,positif
dicapai,positif
didominasi,positif
didukung,positif
diganggu gugat,positif
diganti oleh pengguna,positif
digunakan,positif
dihargai,positif
diinginkan,positif
diizinkan,positif
dikelola,positif
dikelola dengan baik,positif
dikembalikan,positif
dilayari,positif
dilengkapi,positif
dilepas,positif
dilihat,positif
dimenangkan,positif
dimengerti,positif
dinamis,positif
diperbaharui,positif
dipercaya,positif
diperoleh,positif
diplomatik,positif
dipoles,positif
direformasi,positif
direkomendasikan,positif
diremajakan,positif
direstrukturisasi,positif
disahkan,positif
disayangi,positif
disederhanakan,positif
disubsidi,positif
ditambah lagi,positif
ditegakkan,positif
diterima dengan baik,positif
ditingkatkan,positif
diverifikasi,positif
dorongan,positif
duanya,positif
Dukung,positif
dukungan,positif
durian runtuh,positif
edukatif,positif
efektif,positif
efektivitas,positif
efisien,positif
egois,positif
ekonomis,positif
ekstase,positif
elastis,positif
elegan,positif
elite,positif
emas,positif
empati,positif
enak,positif
enchantingly,positif
energi,positif
ergonomis,positif
etis,positif
euforia,positif
evaluatif,positif
examplar,positif
fajar,positif
fantastis,positif
fasih,positif
fav,positif
fave,positif
favorit,positif
fenomenal,positif
firdaus,positif
fleksibel,positif
fleksibilitas,positif
futuristik,positif
gagah,positif
gaib,positif
gainfully,positif
gairah,positif
gamblang,positif
gembira,positif
gembira luar biasa,positif
gembira sekali,positif
gemuk,positif
gesit,positif
giat,positif
gigih,positif
gokil,positif
gratis,positif
gurih,positif
habis,positif
hadiah,positif
hak istimewa,positif
halal,positif
halus,positif
handal,positif
handier,positif
hangat,positif
harga diri,positif
harga rendah,positif
harmoni,positif
harmonis,positif
harta,positif
harum,positif
hasil karya,positif
hasil terbaik,positif
hati,positif
hati-hati,positif
hebat,positif
hemat,positif
hemat biaya,positif
hemat energi,positif
heran,positif
heroik,positif
hore,positif
horee,positif
hormat,positif
hubungan,positif
hujan es,positif
iba,positif
ideal,positif
idealnya,positif
idola,positif
ikhwan,positif
ilahi,positif
ilu,positif
imajinatif,positif
iman,positif
imut,positif
indah,positif
individual,positif
infalibilitas,positif
inovasi,positif
inovatif,positif
inspirasi,positif
inspirasional,positif
inspiratif,positif
instrumental,positif
integral,positif
intelijen,positif
intim,positif
intrik,positif
intuitif,positif
irama,positif
iri,positif
istimewa,positif
isyarat,positif
jaminan,positif
jaminan mutu,positif
janji,positif
jawa,positif
jelas,positif
jempol,positif
jempolan,positif
jenaka,positif
jenius,positif
juara,positif
jujur,positif
kagum,positif
kanan,positif
karisma,positif
karismatik,positif
karya,positif
kasih sayang,positif
kaya,positif
kaya fitur,positif
keadaan yg sebenarnya,positif
keadilan,positif
keagungan,positif
keajaiban,positif
keanggunan,positif
keangkeran,positif
keaslian,positif
kebahagiaan,positif
kebaikan,positif
kebajikan,positif
kebal,positif
kebanggaan,positif
kebangkitan,positif
kebaruan,positif
kebebasan,positif
kebenaran,positif
keberanian,positif
keberhasilan,positif
keberlanjutan,positif
kebersamaan,positif
kebersihan,positif
keberuntungan,positif
kebesaran,positif
kebetulan,positif
kebijaksanaan,positif
kecakapan,positif
kecantikan,positif
kecemerlangan,positif
kecepatan,positif
kecerdasan,positif
kecerdikan,positif
keemasan,positif
keenakan,positif
kegairahan,positif
kegembiraan,positif
kegembiraan yg meluap-luap,positif
kehangatan,positif
keheranan,positif
keindahan,positif
keinginan,positif
keintiman,positif
kejayaan,positif
kejelasan,positif
kejujuran,positif
kekaguman,positif
kekal,positif
kekalahan,positif
kekasih,positif
kekencangan,positif
kelancaran berbicara,positif
kelangsungan hidup,positif
kelas atas,positif
kelas satu,positif
kelas utama,positif
kelayakan,positif
kelezatan,positif
kelimpahan,positif
kelincahan,positif
kelip redup,positif
kelucuan,positif
keluwesan,positif
kemajuan,positif
kemakmuran,positif
kemampuan,positif
kemantapan,positif
kemasyhuran,positif
kematangan,positif
kemauan baik,positif
kemegahan,positif
kemenangan,positif
kemewahan,positif
kemudahan,positif
kemurahan hati,positif
kenangan,positif
kenikmatan,positif
kenyamanan,positif
kepanjangan akal daya,positif
kepentingan,positif
kepercayaan,positif
keperkasaan,positif
kepincut,positif
kepuasan,positif
kepuasan diri,positif
keramahan,positif
keramat,positif
keranjingan,positif
kerelaan,positif
keren,positif
kerendahan hati,positif
keriangan,positif
keriuhan di pawai,positif
kerubin,positif
kesabaran,positif
kesalehan,positif
kesatuan,positif
kesayangan,positif
kesehatan,positif
kesejahteraan,positif
kesembronoan,positif
kesempurnaan,positif
kesenangan,positif
kesetiaan,positif
kesopanan,positif
kestabilan,positif
kesucian,positif
kesukaan,positif
kesungguhan,positif
ketabahan,positif
ketajaman,positif
ketegasan,positif
keteguhan,positif
ketekunan,positif
ketenangan,positif
ketenaran,positif
keterbukaan,positif
ketercocokan,positif
ketidakberpihakan,positif
ketrampilan,positif
ketulusan,positif
keuletan,positif
keunggulan,positif
keuntungan,positif
kewaspadaan,positif
khusus,positif
kilau,positif
klasik,positif
koheren,positif
koherensi,positif
komitmen,positif
kompak,positif
kompetitif,positif
komplementer,positif
konsisten,positif
konstruktif,positif
kontinuitas,positif
kontras,positif
kontribusi,positif
kooperatif,positif
koperasi,positif
korek api,positif
kreatif,positif
Kualitas terbaik,positif
kualitas tinggi,positif
kuasa,positif
kuat,positif
kue panas,positif
kukuh,positif
kurus,positif
lagu,positif
lancar,positif
landasan,positif
lapang,positif
laudably,positif
layak,positif
lebih baik,positif
lebih baik dari perkiraan,positif
lebih cemerlang dari,positif
lebih cepat,positif
lebih dikenal,positif
lebih disukai,positif
lebih hangat,positif
lebih kencang,positif
lebih keras,positif
Lebih memilih,positif
lebih memilih,positif
lebih murah,positif
lebih suka,positif
lebih tenang,positif
ledakan,positif
legendaris,positif
lemah lembut,positif
lembut,positif
lezat,positif
licin,positif
lincah,positif
liris,positif
logis,positif
loyalitas,positif
luar biasa,positif
luas,positif
lucu,positif
lumayan,positif
luwes,positif
maaf,positif
mahal,positif
mahir,positif
main-main,positif
maju,positif
makanan,positif
makmur,positif
malaikat,positif
mampu,positif
manfaat,positif
manis,positif
manis sekali,positif
manja,positif
manjur,positif
mantab,positif
manusiawi,positif
mapan,positif
martabat,positif
master,positif
masuk akal,positif
matang,positif
mati-matian,positif
mau kalah,positif
mawas,positif
megah,positif
mekar,positif
melampaui,positif
melebihi,positif
melengkapi,positif
melindungi,positif
meluruskan,positif
memadai,positif
memanggil,positif
memantapkan,positif
memastikan,positif
membandingi keindahan puisi,positif
membantu,positif
membara,positif
membayar,positif
membebaskan,positif
memberanikan,positif
memberdayakan,positif
memberkati,positif
membesarkan hati,positif
membesut,positif
membiasakan,positif
membuat lebih baik dr,positif
membudayakan,positif
membujuk,positif
membuktikan,positif
memelihara,positif
memeluk,positif
memenuhi,positif
memenuhi syarat,positif
memeriahkan,positif
memfavoritkan,positif
memihak,positif
memikat,positif
memikat hati,positif
memimpin,positif
memperbaiki,positif
memperbaiki akhlak,positif
mempercantik,positif
mempercayakan,positif
memperjelas,positif
memperkaya,positif
memperkuat,positif
mempermanis,positif
memperoleh kembali,positif
mempesona,positif
memuaskan,positif
memudahkan,positif
memuja,positif
memujanya,positif
memuji,positif
memuji-muji,positif
memuji-muji terlebih-lebihan,positif
memukau,positif
memuliakan,positif
memulihkan,positif
memurnikan,positif
menakjubkan,positif
menambah,positif
menang,positif
menantang,positif
menarik,positif
menariknya,positif
menawan,positif
mencengangkan,positif
mencintai,positif
mencukupi,positif
mendalam,positif
mendamaikan,positif
mendapatkan,positif
mendebarkan,positif
mendewakan,positif
mendominasi,positif
mendorong,positif
mendukung,positif
menebus,positif
menegakkan,positif
menegaskan,positif
menegaskan lagi,positif
menenangkan,positif
menentukan,positif
menerangi,positif
menerangkan,positif
menerima,positif
menerobos,positif
mengagetkan,positif
mengagumi,positif
mengagumkan,positif
mengagungkan,positif
mengakali,positif
mengalahkan,positif
menganggap,positif
mengangkat,positif
menganjurkan,positif
mengasyikan,positif
mengasyikkan,positif
mengatasi,positif
mengecoh,positif
mengejutkan,positif
mengerti,positif
mengesahkan,positif
mengesankan,positif
menggairahkan,positif
menggelenyar,positif
menggelikan,positif
menggelitik,positif
menggembirakan,positif
menggemparkan,positif
menggetarkan,positif
menggiurkan,positif
menggoda,positif
menggugah,positif
menghadiahkan,positif
menghaluskan,positif
menghargai,positif
mengharukan,positif
mengherankan,positif
menghibur,positif
menghidupkan,positif
menghormat,positif
menghormati,positif
mengidealkan,positif
mengidolakan,positif
mengilhami,positif
menginginkan,positif
mengisyaratkan,positif
menguasai,positif
mengucapkan selamat,positif
mengundang,positif
mengungguli,positif
menguntungkan,positif
menikmati,positif
menimbulkan perasaan cinta,positif
menimbulkan rasa antusias,positif
meninggikan,positif
meningkat,positif
meningkatkan,positif
menitipkan,positif
menjamin,positif
menjanjikan,positif
menonjol,positif
mentereng,positif
menunjukkan gejala,positif
menurut hak,positif
menyalip,positif
menyambut,positif
menyanjung,positif
menyaring,positif
menyederhanakan,positif
menyegarkan,positif
menyelaraskan,positif
menyelesaikan,positif
menyembuhkan,positif
menyenangkan,positif
menyerahkan,positif
menyeringai,positif
menyetujui,positif
menyolok,positif
menyubsidi,positif
menyukai,positif
menyusul,positif
merangsang,positif
merayakan,positif
merayu,positif
mereda,positif
mereformasi,positif
merekomendasikan,positif
merelakan,positif
meremajakan,positif
merendahkan,positif
merenung,positif
merevitalisasi,positif
merevolusi,positif
merevolusionerkan,positif
meriangkan,positif
meringankan,positif
meromantiskan,positif
mewah,positif
meyakinkan,positif
minim resiko,positif
modern,positif
modis,positif
montok,positif
monumental,positif
moralitas,positif
muda,positif
mudah,positif
mudah digunakan,positif
mujarab,positif
mukjizat,positif
mulia,positif
mulus,positif
murah,positif
murah banget,positif
murah hati,positif
murni,positif
mutakhir,positif
nasib,positif
nikmat,positif
non-kekerasan,positif
nyaman,positif
nyaring,positif
obat untuk segala penyakit,positif
obsesi,positif
optimal,positif
optimis,positif
optimisme,positif
otoriter,positif
padat,positif
pahlawan,positif
pahlawan wanita,positif
paling beruntung,positif
paling dikenal,positif
panas,positif
pandai berbicara,positif
panorama,positif
pantas,positif
pasien,positif
pasti,positif
pasukan penjaga perdamaian,positif
patriot,positif
patriotik,positif
patuh,positif
pedih,positif
peka,positif
pelamun,positif
pelindung,positif
pelonggaran,positif
pembaruan,positif
pembebasan,positif
pembela,positif
pemberdayaan,positif
pemberian Tuhan,positif
pembersih,positif
pembetulan,positif
pemecah masalah,positif
pemenang,positif
pemenuhan,positif
pemulihan,positif
penampilan terbaik,positif
pencerahan,positif
pencinta,positif
pendewaan,positif
pendukung,positif
penebusan,positif
penegasan kembali,positif
penentuan nasib sendiri,positif
penerima,positif
pengagum,positif
pengampunan,positif
pengangkatan,positif
pengaruh,positif
pengasih,positif
pengasuhan,positif
pengembalian dana,positif
penggemar,positif
penghargaan,positif
Penghargaan,positif
penghemat,positif
penghematan,positif
penghematan biaya,positif
penghiburan,positif
penghormatan,positif
penguasaan,positif
peninggian derajat,positif
peningkatan,positif
penipu,positif
penjualan terbaik,positif
penolong,positif
penting,positif
penuh,positif
penuh gaya,positif
penuh harapan,positif
penuh kasih,positif
penuh kebahagiaan,positif
penuh kebajikan,positif
penuh kegembiraan,positif
penuh kepercayaan,positif
penuh pengharapan,positif
penuh perasaan,positif
penuh perhatian,positif
penuh peristiwa,positif
penuh semangat,positif
penuh sukacita,positif
penyayang,positif
penyelamat,positif
penyuburan,positif
perasaan kagum,positif
perasaan suka cita,positif
perayaan,positif
perbaikan,positif
perbedaan,positif
perdamaian,positif
perdana menteri,positif
perhatian,positif
periang,positif
perjanjian,positif
perlawanan,positif
perlindungan,positif
permai,positif
permata,positif
persahabatan,positif
persetujuan,positif
persik,positif
personalisasi,positif
pertama di kelas,positif
pertumbuhan tercepat,positif
pesona,positif
petualang,positif
piala,positif
pikiran-bertiup,positif
pilihan,positif
pintar,positif
Plus,positif
populer,positif
portabel,positif
positif,positif
preferensi,positif
prestasi,positif
pro,positif
proaktif,positif
prodigi,positif
produktif,positif
progresif,positif
promotor,positif
puas,positif
puitis,positif
pujian,positif
pukulan yg tdk keras,positif
pulih,positif
puncak,positif
rahmat,positif
rajin,positif
rak,positif
ramah,positif
ramah tamah,positif
rangsang,positif
rapi,positif
rasa hormat,positif
rasa manis,positif
rasional,positif
rata,positif
realisasi,positif
realistis,positif
reformasi,positif
rekomendasi,positif
rela,positif
reputasi,positif
reseptif,positif
resiko rendah,positif
responsif,positif
restrukturisasi,positif
revolusioner,positif
ria gembira,positif
riang,positif
ringan,positif
ringkas,positif
rohani,positif
rokstar,positif
romantis,positif
rujuk,positif
rumit,positif
sabar,positif
sah,positif
saleh,positif
salut,positif
sangat,positif
sangat baik,positif
sangat berharga,positif
sangat indah,positif
sangat memuaskan,positif
sangat menarik,positif
sangat menyayangi,positif
sangat mudah,positif
sangat penting,positif
sangat rajin,positif
sangat sopan,positif
sangat tepat,positif
sanjungan,positif
sarankan,positif
sayang,positif
sayang anak,positif
secara kuat,positif
secara menyenangkan,positif
secara terbuka,positif
secepatnya,positif
sederhana,positif
segar,positif
segera,positif
sehat,positif
seimbang,positif
seksi,positif
Selamat,positif
selamat,positif
selayaknya,positif
selektif,positif
semakin lembut,positif
semakin makmur,positif
semangat,positif
sempurna,positif
semuanya,positif
senang,positif
sengaja,positif
sensasi,positif
sensasional,positif
senyum,positif
sepanjang masa,positif
sepantasnya,positif
sepatutnya,positif
sepele,positif
sepenuh hati,positif
seperti,positif
seperti malaikat,positif
seperti patung,positif
seperti raja,positif
serangan balik,positif
serba cepat,positif
serba guna,positif
sesak napas,positif
sesuai,positif
sesuai dengan mode terakhir,positif
sesungguhnya,positif
setajam silet,positif
setia,positif
setuju,positif
sewajarnya,positif
sewenang-wenang,positif
siap,positif
sigap,positif
sihir,positif
sikap tenang,positif
silakan,positif
silau,positif
simpatisan,positif
sok aksi,positif
solidaritas,positif
sopan,positif
sorak kegirangan,positif
sosial,positif
spektakuler,positif
spontan,positif
sporty,positif
stabil,positif
stabilitas,positif
sub,positif
subhanallah,positif
subsidi,positif
substantif,positif
subur,positif
suci,positif
sukacita,positif
sukses,positif
sulit,positif
sungguh,positif
sungguh-sungguh,positif
super,positif
supremasi,positif
surealis,positif
surga,positif
surgawi,positif
swasembada,positif
swatantra,positif
syukur,positif
taat,positif
taat hukum,positif
tabah,positif
tabungan,positif
tahan karat,positif
tahan lama,positif
tajam,positif
tak ada salahnya,positif
tak ada taranya,positif
tak berbahaya,positif
tak bercacat,positif
tak bersuara,positif
tak bersyarat,positif
tak dapat disangsikan,positif
tak diragukan lagi,positif
tak disengaja,positif
tak kenal takut,positif
tak perlu dipersoalkan,positif
tak tahu malu,positif
tak terbantahkan,positif
tak terbatas,positif
tak tergantikan,positif
tak terhitung,positif
tak terkalahkan,positif
tak terkendalikan,positif
tak terlupakan,positif
tak ternilai,positif
tak terpadai,positif
tak tertahankan,positif
takdir,positif
takjub,positif
takzim,positif
tampak,positif
tampan,positif
tanda,positif
tangan ke bawah,positif
tangkas,positif
tanpa cela,positif
tanpa dosa,positif
tanpa malu-malu,positif
tanpa rasa sakit,positif
tanpa rasa takut,positif
tanpa tenaga,positif
tawar,positif
tawaran,positif
tdk berbahaya,positif
tegas,positif
teguh,positif
teladan,positif
teliti,positif
temanmu,positif
tenang,positif
tepat,positif
tepat pada waktunya,positif
tepat waktu,positif
tepuk tangan sorak,positif
terampil,positif
terang,positif
terang benderang,positif
teranyar,positif
terbaik,positif
terbaru,positif
terbatas,positif
terbebani,positif
terberat,positif
terbersih,positif
terbesar,positif
terbukti,positif
tercapai,positif
tercengang,positif
tercepat,positif
tercinta,positif
terdengar,positif
terdepan,positif
terelakkan,positif
tergantikan,positif
terhormat,positif
terima,positif
terima kasih,positif
terjamin,positif
terjangkau,positif
terkalahkan,positif
terkejar,positif
terkejut,positif
terkekang,positif
terkemuka,positif
terkenal,positif
terkenal di dunia,positif
terkuat,positif
terlalu memanjakan,positif
termotivasi,positif
termudah,positif
termurah,positif
terobosan,positif
terompet,positif
terpadu,positif
terpanas,positif
terpelajar,positif
terpengaruh,positif
terpenting,positif
terpercaya,positif
terpesona,positif
terpuji,positif
terrifically,positif
tersayang,positif
tersedia,positif
tersenyum,positif
tertarik,positif
tertib,positif
tertinggi,positif
terus terang,positif
terutama,positif
tetap,positif
tiada bandingan,positif
tiada duanya,positif
tidak egois,positif
tidak ternilai,positif
tipis,positif
tokoh,positif
TOP,positif
trendi,positif
tulang punggung,positif
tulus,positif
tumbuh cepat,positif
tunggu dulu,positif
uang kembali,positif
ulung,positif
unggul,positif
unggulan,positif
unik,positif
untung,positif
untungnya,positif
utuh,positif
uye,positif
variasi,positif
visioner,positif
wah,positif
wahyu,positif
warna-warni,positif
waspada,positif
whooa,positif
Whooooa,positif
Wow,positif
WOW,positif
yakin,positif
yay,positif
yeah,positif
yihaa,positif
abnormal,negatif
absurd,negatif
acak,negatif
acak-acakan,negatif
acuh,negatif
acuh tak acuh,negatif
adiktif,negatif
adil,negatif
agresi,negatif
agresif,negatif
agresor,negatif
aib,negatif
air terjun,negatif
akurat,negatif
alarm,negatif
alasan,negatif
alat permainan,negatif
alergi,negatif
alergik,negatif
amat ketakutan,negatif
amat panas,negatif
ambigu,negatif
ambivalen,negatif
ambivalensi,negatif
amoral,negatif
amoralitas,negatif
ampun,negatif
amuk,negatif
anak nakal,negatif
anak yatim,negatif
anarki,negatif
anarkis,negatif
anarkisme,negatif
ancaman,negatif
aneh,negatif
aneh lagi,negatif
anehnya,negatif
angkuh,negatif
angriness,negatif
anjing,negatif
anjlok,negatif
anomali,negatif
antagonis,negatif
antagonisme,negatif
antek,negatif
anti-,negatif
anti-Amerika,negatif
anti-Israel,negatif
anti-kita,negatif
anti-pendudukan,negatif
anti-proliferasi,negatif
anti-putih,negatif
anti-Semit,negatif
antipati,negatif
antisosial,negatif
antitesis,negatif
apak,negatif
apati,negatif
apatis,negatif
apek,negatif
apokaliptik,negatif
apologis,negatif
argumentatif,negatif
artinya jika,negatif
asam,negatif
asap,negatif
asem,negatif
asing,negatif
astaghfirullah,negatif
asusila,negatif
awan,negatif
awas,negatif
babi,negatif
badai,negatif
bahan tertawaan,negatif
bahaya,negatif
bajingan,negatif
baju kotor,negatif
balas dendam,negatif
bandel,negatif
bandot,negatif
bangkrut,negatif
bantingan,negatif
banyak sekali,negatif
barang ganjil,negatif
barbar,negatif
basi,negatif
bau,negatif
bawahan,negatif
bebal,negatif
beban,negatif
bejat,negatif
bekas,negatif
bekas luka,negatif
bekas roda,negatif
beku,negatif
belah,negatif
belum dewasa,negatif
belum dicoba,negatif
belum dikonfirmasi,negatif
belum pasti,negatif
belum selesai,negatif
benar-benar,negatif
bencana,negatif
bencana alam,negatif
benci,negatif
bengah,negatif
bengis,negatif
bengkak,negatif
bengkeng,negatif
bengkok,negatif
benjolan,negatif
bentrokan,negatif
beracun,negatif
beradab,negatif
berakhir,negatif
berang,negatif
berani,negatif
berantakan,negatif
berat,negatif
berat sebelah,negatif
berawan,negatif
berbahaya,negatif
berbatu-batu,negatif
berbau,negatif
berbeda,negatif
berbisa,negatif
berbohong,negatif
berbuat curang,negatif
berbuat jahat,negatif
berbuat salah,negatif
berbuih,negatif
bercacat,negatif
berdalih,negatif
berdarah,negatif
berdasar,negatif
berdaya,negatif
berdebar,negatif
berdebat,negatif
berdebu,negatif
berdengung,negatif
berdenyut,negatif
berdenyut-denyut,negatif
berderak,negatif
berderit,negatif
berdetak,negatif
berdokumen,negatif
berdosa,negatif
berduka,negatif
berduri,negatif
berdusta,negatif
berebut,negatif
bergairah,negatif
bergegas,negatif
bergelombang,negatif
bergeming,negatif
bergerak,negatif
bergerak lambat,negatif
bergerigi,negatif
bergetar,negatif
bergolak,negatif
bergulat,negatif
berhaluan kiri,negatif
berisiko,negatif
berita palsu,negatif
berjangkit,negatif
berjuang,negatif
berkarat,negatif
berkata tanpa berpikir,negatif
berkedip,negatif
berkejut,negatif
berkenan,negatif
berkeping-keping,negatif
berkeras pendirian,negatif
berkeringat,negatif
berkerut,negatif
berkhayal,negatif
berkilat,negatif
berkilau,negatif
berkolusi,negatif
berkonflik,negatif
berkubang,negatif
berkurang,negatif
berlangganan,negatif
berlebihan,negatif
berlemak,negatif
berlengah-lengah,negatif
berlepotan,negatif
berliku-liku,negatif
berlumpur,negatif
bermain berlebih-lebihan,negatif
bermasalah,negatif
berminyak,negatif
bermoral,negatif
bermuka dua,negatif
bermuram,negatif
bermuram durja,negatif
bermusuhan,negatif
bermutu rendah,negatif
bernasib buruk,negatif
bernoda kotor,negatif
berongga,negatif
berperang,negatif
berpura-pura,negatif
berputus asa,negatif
bersaing,negatif
bersakit,negatif
bersanding,negatif
bersedih,negatif
bersekongkol,negatif
berselang,negatif
berselisih,negatif
bersemangat,negatif
bersenandung,negatif
berserakan,negatif
bersetubuh,negatif
bersisik,negatif
bertele-tele,negatif
bertemu,negatif
bertengkar,negatif
bertentangan,negatif
berteriak,negatif
bertindak tidak pantas,negatif
bertingkah,negatif
bertubuh kecil,negatif
berukuran terlalu kecil,negatif
berumur pendek,negatif
berwajah dua,negatif
biadab,negatif
bias,negatif
biasa,negatif
biasa-biasa saja,negatif
bid'ah,negatif
bikinan,negatif
bimbang,negatif
binasa,negatif
bingung,negatif
Bingung,negatif
bisa ular,negatif
bising,negatif
blunder,negatif
bobrok,negatif
bocor,negatif
bodoh,negatif
bohong,negatif
bom,negatif
boneka,negatif
boros,negatif
bosan,negatif
botak,negatif
brutal,negatif
bual,negatif
buar,negatif
buas,negatif
budak,negatif
bug,negatif
bukan kepalang,negatif
buntu,negatif
bunuh diri,negatif
buram,negatif
buritan,negatif
buronan,negatif
buruk,negatif
buruk sekali,negatif
busuk,negatif
buta,negatif
buta huruf,negatif
cabul,negatif
cacat,negatif
cacian,negatif
calo,negatif
cambuk,negatif
canggung,negatif
cara,negatif
cari perkara,negatif
carut-marut,negatif
cebol,negatif
cedera,negatif
cekcok,negatif
cekung,negatif
celaan,negatif
celah,negatif
celaka,negatif
cemas,negatif
cemberut,negatif
cemburu,negatif
cemooh,negatif
cemoohan,negatif
cenderung,negatif
cengeng,negatif
cengking,negatif
cercaan,negatif
cerdik,negatif
cerewet,negatif
ceroboh,negatif
compang-camping,negatif
corengan,negatif
cukup,negatif
curam,negatif
curang,negatif
curiga,negatif
dancok,negatif
dangkal,negatif
deadline,negatif
debu,negatif
defensif,negatif
degenerasi,negatif
degradasi,negatif
dehumanisasi,negatif
delusi,negatif
demam,negatif
demoralisasi,negatif
dendam,negatif
dengan mencemoohkan,negatif
dengan mendapat malapetaka,negatif
dengan mengagetkan,negatif
dengan menghina,negatif
dengan menyedihkan,negatif
dengan menyesal,negatif
dengan panas,negatif
dengan penuh ketakutan,negatif
dengan rasa curiga,negatif
dengan rasa hina,negatif
dengan remeh-temeh,negatif
dengan sedih,negatif
dengan segan,negatif
dengan sengit,negatif
dengan sia-sia,negatif
dengan suara keras,negatif
dengan sukar,negatif
dengan terbahak-bahak,negatif
dengan tidak senang,negatif
dengki,negatif
depresi,negatif
derita,negatif
desis,negatif
destruktif,negatif
diam,negatif
diam-diam,negatif
dibakar,negatif
dibanjiri,negatif
dibantai,negatif
dibenarkan,negatif
dibenci,negatif
dibesar-besarkan,negatif
dibuang,negatif
dibuat-buat,negatif
dicela,negatif
dicerca,negatif
dicuci,negatif
dicuri,negatif
didanai,negatif
diganggu,negatif
dihaluskan,negatif
dihentikan,negatif
dihibur,negatif
dihukum,negatif
dijauhi,negatif
dijelaskan,negatif
dikaburkan,negatif
dikenakan,negatif
dikorbankan,negatif
diktator,negatif
diktatoris,negatif
dilapisi gula,negatif
dilecehkan,negatif
dilema,negatif
dilenyapkan,negatif
dimaafkan,negatif
dimarahi,negatif
dimengerti,negatif
dingin,negatif
diperangi,negatif
diperkosa,negatif
diperlakukan dengan buruk,negatif
dipermainkan,negatif
dipertanyakan,negatif
dipikirkan,negatif
dirampas,negatif
diremehkan,negatif
dirugikan,negatif
disalahgunakan,negatif
disalahpahami,negatif
disayangkan,negatif
disebut-sebut,negatif
disederhanakan,negatif
disengaja,negatif
disengketakan,negatif
disiram,negatif
diskredit,negatif
diskriminasi,negatif
diskriminatif,negatif
disorient,negatif
disproporsional,negatif
distorsi,negatif
ditakdirkan,negatif
ditinggalkan,negatif
ditipu,negatif
ditolak,negatif
dogmatis,negatif
dominan,negatif
dongkol,negatif
dosa,negatif
downgrade,negatif
drastis,negatif
drop-out,negatif
dua wajah,negatif
dugaan,negatif
duka,negatif
dukun,negatif
dumping,negatif
dungu,negatif
duniawi,negatif
dupa,negatif
durhaka,negatif
duri,negatif
dusta,negatif
dusun,negatif
dwimakna,negatif
edan,negatif
egois,negatif
egoisme,negatif
egomania,negatif
egosentris,negatif
ejek,negatif
ejekan,negatif
ekonomis,negatif
eksploitasi,negatif
eksploitatif,negatif
eksplosif,negatif
ekstremis,negatif
enggan,negatif
enggan membantu,negatif
erosi,negatif
fana,negatif
fanatik,negatif
fanatisme,negatif
fantastis,negatif
fasis,negatif
fasisme,negatif
fatal,negatif
fiksi,negatif
fitnah,negatif
fitnahan,negatif
fobia,negatif
friksi,negatif
frustasi,negatif
frustrasi,negatif
fundamentalis,negatif
fundamentalisme,negatif
ga jelas,negatif
ga karuan,negatif
ga peka,negatif
gadungan,negatif
gagal,negatif
gagap,negatif
gaib,negatif
galak,negatif
ganas,negatif
gangguan,negatif
ganjil,negatif
ganti rugi,negatif
gantung,negatif
garang,negatif
garis keras,negatif
garu,negatif
gasang,negatif
gatal,negatif
gegabah,negatif
gejala,negatif
Gejala,negatif
gelandangan,negatif
gelap,negatif
gelisah,negatif
gelora,negatif
gembar-gembor,negatif
gendut,negatif
genit,negatif
genosida,negatif
genting,negatif
gerah,negatif
geram,negatif
gerombolan,negatif
gesekan,negatif
gesper,negatif
getah,negatif
getaran,negatif
giat,negatif
gigih,negatif
gigil,negatif
gila,negatif
gila hormat,negatif
gila ketakutan,negatif
gila-gilaan,negatif
godaan,negatif
goreng,negatif
goresan,negatif
gosip,negatif
goyah,negatif
goyangan,negatif
gua,negatif
gugup,negatif
gurun,negatif
gusar,negatif
habis,negatif
hak milik,negatif
hal merendahkan diri,negatif
hal tidak dimengerti,negatif
halangan,negatif
hama,negatif
hambatan,negatif
hampir,negatif
hampir mati,negatif
hancur,negatif
hang,negatif
haram,negatif
harga di atas,negatif
hasutan,negatif
haus,negatif
haus darah,negatif
hedon,negatif
hedonistik,negatif
hegemoni,negatif
hegemonisme,negatif
hemat,negatif
hidung belang,negatif
hina,negatif
hingar-bingar,negatif
hiruk-pikuk,negatif
histeri,negatif
histeria,negatif
histeris,negatif
hujat,negatif
hukuman,negatif
hukuman penjara,negatif
hukuman setimpal,negatif
hutang,negatif
iblis,negatif
idiot,negatif
igauan,negatif
ih,negatif
ikut campur,negatif
ilegal,negatif
Iluminati,negatif
ilusi,negatif
imajiner,negatif
imperialis,negatif
impoten,negatif
impulsif,negatif
individualis,negatif
indoktrinasi,negatif
infeksi,negatif
inferioritas,negatif
inflamasi,negatif
inflasi,negatif
ingusan,negatif
inkompeten,negatif
inkompetensi,negatif
inkonsistensi,negatif
inkonstitusionil,negatif
insensitively,negatif
interupsi,negatif
intimidasi,negatif
intrusi,negatif
invasif,negatif
irasional,negatif
irasionalitas,negatif
iri,negatif
Iritasi,negatif
ironi,negatif
ironis,negatif
ironisnya,negatif
isolasi,negatif
istirahat,negatif
isu,negatif
jadah,negatif
jahanam,negatif
jahat,negatif
jalan buntu,negatif
jalan keluar,negatif
jancuk,negatif
janggal,negatif
jatuh,negatif
jatuh sakit,negatif
jauh,negatif
jebakan,negatif
jelaga,negatif
jelas,negatif
jelatang,negatif
jelek,negatif
jelu,negatif
jempol kebawah,negatif
jenaka,negatif
jengkel,negatif
jerat,negatif
jerawat,negatif
jeritan,negatif
jeruk nipis,negatif
jijik,negatif
jompo,negatif
jumlah sedikit,negatif
kabur,negatif
kabut,negatif
kacau,negatif
kadaluarsa,negatif
kadung,negatif
kafir,negatif
kagum,negatif
kain kafan,negatif
kaku,negatif
kalah,negatif
kalahan,negatif
kambing hitam,negatif
kambuh,negatif
kampungan,negatif
kandang,negatif
kandas,negatif
kanibal,negatif
kanker,negatif
kantong sampah,negatif
kapak,negatif
kapalan,negatif
karat,negatif
kasar,negatif
kasihan,negatif
kata-kata kasar,negatif
katastropi,negatif
keadaan acuh tak acuh,negatif
keadaan buruk,negatif
keadaan darurat,negatif
keadaan pingsan,negatif
keadaan sulit,negatif
keanehan,negatif
keangkuhan,negatif
kebal,negatif
kebencian,negatif
keberanian,negatif
keberatan,negatif
keberbahayaan,negatif
kebetulan,negatif
kebiadaban,negatif
kebiasaan,negatif
kebingungan,negatif
KEBINGUNGAN,negatif
kebiri,negatif
kebisingan,negatif
kebobolan,negatif
kebocoran,negatif
kebodohan,negatif
kebohongan,negatif
kebosanan,negatif
kebrutalan,negatif
kebuntuan,negatif
keburukan,negatif
kecabulan,negatif
kecaman,negatif
kecanduan,negatif
kecapaian,negatif
kecelakaan,negatif
kecelakaan kapal,negatif
kecemasan,negatif
kecemburuan,negatif
kecenderungan,negatif
kecenderungan untuk menurun,negatif
kecerobohan,negatif
kecewa,negatif
kecil,negatif
kecongkakan,negatif
kecurangan,negatif
kecurigaan,negatif
kedangkalan,negatif
kedengkian,negatif
keengganan,negatif
kefanatikan,negatif
kegagalan,negatif
keganasan,negatif
kegarangan,negatif
kegelapan,negatif
kegelisahan,negatif
kegemparan,negatif
kegemukan,negatif
kegilaan,negatif
kegoyangan,negatif
kegugupan,negatif
kehabisan,negatif
kehancuran,negatif
kehebohan,negatif
Keheranan,negatif
kehilangan,negatif
kehilangan keseimbangan,negatif
kehinaan,negatif
keinginan pribadi,negatif
keingkaran,negatif
keirasionalan,negatif
kejahatan,negatif
kejam,negatif
kejang,negatif
kejanggalan,negatif
kejangkitan,negatif
kejatuhan,negatif
kejelekan,negatif
kejengahan,negatif
kejengkelan,negatif
keji,negatif
kejut,negatif
kekacauan,negatif
kekakuan,negatif
kekalahan,negatif
kekanak-kanakan,negatif
kekecewaan,negatif
kekecilan,negatif
kekejaman,negatif
kekejamannya,negatif
kekeliruan,negatif
kekenyangan,negatif
kekerasan,negatif
kekerasan pendirian,negatif
kekeringan,negatif
kekesalan,negatif
kekhawatiran,negatif
kekhilafan,negatif
kekosongan,negatif
kekotoran,negatif
kekuatiran,negatif
kekurangan,negatif
kekurangpekaan,negatif
kelakuan buruk,negatif
kelalaian,negatif
kelambanan,negatif
kelancangan,negatif
kelangkaan,negatif
kelaparan,negatif
kelas dua,negatif
kelelahan,negatif
kelemahan,negatif
kelemahan karena usia tua,negatif
kelembutan,negatif
kelesuan,negatif
keletihan,negatif
keliru,negatif
keluar,negatif
keluhan,negatif
Keluhan,negatif
kelupaan,negatif
kemacetan,negatif
kemalangan,negatif
kemalasan,negatif
kemandekan,negatif
kemarahan,negatif
kemasukan setan,negatif
kemasyhuran,negatif
kematian,negatif
kembali,negatif
kemelaratan,negatif
kemenduaan,negatif
kemerosotan,negatif
kemiskinan,negatif
kemunafikan,negatif
kemunduran,negatif
kemurkaan,negatif
kemurungan,negatif
kemustahilan,negatif
kendor,negatif
kendur,negatif
kenekatan,negatif
kental,negatif
kepahitan,negatif
kepala batu,negatif
kepala-sakit,negatif
kepatahan,negatif
kepedaran,negatif
kependekan,negatif
kepentingan,negatif
kepentingan diri sendiri,negatif
kepicikan,negatif
keputusasaan,negatif
keputusasan,negatif
keracunan,negatif
keraguan,negatif
kerangka,negatif
keras,negatif
keras hati,negatif
keras kepala,negatif
keras-kapal,negatif
kerasnya,negatif
kerdil,negatif
kere,negatif
kerepotan,negatif
kereta,negatif
keretakan,negatif
keriangan,negatif
keributan,negatif
kerinduan,negatif
kering,negatif
keriput,negatif
keriuhan,negatif
kerlip,negatif
keroncongan,negatif
kerugian,negatif
Kerugian,negatif
kerusakan,negatif
kerusuhan,negatif
kerut,negatif
keruwetan,negatif
kesal,negatif
kesalahan,negatif
kesalahan besar,negatif
kesalahan hitung,negatif
kesalahpahaman,negatif
kesamaan,negatif
kesedihan,negatif
keseganan,negatif
kesegeraan,negatif
kesembronoan,negatif
kesendirian,negatif
kesengitan,negatif
kesengsaraan,negatif
kesepian,negatif
keserakahan,negatif
keseriusan,negatif
kesesakan,negatif
kesilauan,negatif
kesombongan,negatif
kesulitan,negatif
kesuraman,negatif
kesyahidan,negatif
ketabahan,negatif
ketakberanian,negatif
ketakutan,negatif
ketamakan,negatif
ketat,negatif
ketegangan,negatif
ketenangan,negatif
keterbatasan,negatif
keterbelakangan,negatif
keterlaluan,negatif
ketiadaan,negatif
ketiadaan rasa hormat,negatif
ketidakabsahan,negatif
ketidakadilan,negatif
ketidakakuratan,negatif
ketidakamanan,negatif
ketidakbahagiaan,negatif
ketidakberdayaan,negatif
ketidakbijaksanaan,negatif
ketidakcakapan,negatif
ketidakcocokan,negatif
ketidakcukupan,negatif
ketidakefektifan,negatif
ketidakefisienan,negatif
ketidakjelasan,negatif
ketidakjujuran,negatif
ketidakkasihan,negatif
ketidaklogisan,negatif
ketidakmampuan,negatif
ketidakmampuan menyesuaikan diri,negatif
ketidakmungkinan,negatif
ketidakmurnian,negatif
ketidakpantasan,negatif
ketidakpedulian,negatif
ketidakpercayaan,negatif
ketidakpuasan,negatif
ketidakrelevanan,negatif
ketidaksabaran,negatif
ketidaksamaan,negatif
ketidakseimbangan,negatif
ketidaksempurnaan,negatif
ketidaksenangan,negatif
ketidaksenonohan,negatif
ketidaksetaraan,negatif
ketidaksetiaan,negatif
ketidaksopanan,negatif
ketidakstabilan,negatif
ketidaktahuan,negatif
Ketidaktelitian,negatif
ketidaktelitian,negatif
ketidakteraturan,negatif
ketidaktertarikan,negatif
ketidaktoleranan,negatif
ketidaktulusan,negatif
ketinggalan,negatif
ketukan,negatif
ketus,negatif
kewajiban,negatif
kewalahan,negatif
kezaliman,negatif
khawatir,negatif
khayalan,negatif
khayalan belaka,negatif
khayali,negatif
khianat,negatif
khusus,negatif
kiamat,negatif
kikir,negatif
kikuk,negatif
kios,negatif
kisi,negatif
klik,negatif
klise,negatif
knalpot,negatif
kolot,negatif
kompatibel,negatif
kompleks,negatif
komplikasi,negatif
komplotan,negatif
kompong,negatif
konflik,negatif
konfrontasi,negatif
kongkalikong,negatif
konservatif,negatif
konsesi,negatif
konspirasi,negatif
konspiratif,negatif
konspirator,negatif
kontaminasi,negatif
kontensius,negatif
kontol,negatif
kontra,negatif
kontra-produktif,negatif
kontradiksi,negatif
kontradiktif,negatif
kontraproduktif,negatif
kontroversi,negatif
kontroversial,negatif
konyol,negatif
korban,negatif
korban kecelakaan,negatif
korosi,negatif
korosif,negatif
korup,negatif
korupsi,negatif
kotor,negatif
kotoran,negatif
kram,negatif
krisis,negatif
kritik,negatif
kritikus,negatif
kritis,negatif
kronis,negatif
kuat,negatif
kuatir,negatif
kucam,negatif
kucing gemuk,negatif
kudung,negatif
kukuh,negatif
kuning,negatif
kuno,negatif
kupas,negatif
kurang,negatif
kurang ajar,negatif
kurang baik,negatif
kurang berkembang,negatif
kurang beruntung,negatif
kurang dikenal,negatif
kurang lengkap,negatif
kurang menarik,negatif
kurang pengalaman,negatif
kurang sehat,negatif
kurang sopan,negatif
kurus,negatif
kusut,negatif
kutukan,negatif
labil,negatif
labu,negatif
lacur,negatif
lalai,negatif
lalim,negatif
lama,negatif
lamban,negatif
lambat,negatif
lancang,negatif
lancar,negatif
lapis kedua,negatif
lapuk,negatif
larangan,negatif
larut,negatif
latency,negatif
lawan,negatif
lebam,negatif
lebih buruk,negatif
lebih keras,negatif
lebih mahal,negatif
lebihan,negatif
lecet,negatif
ledakan,negatif
lekat,negatif
lekir,negatif
lekuk,negatif
lelah,negatif
lelucon,negatif
lemah,negatif
lemak,negatif
lemak-kucing,negatif
lemas,negatif
lembab,negatif
lembek,negatif
lemot,negatif
lendir,negatif
lengkap,negatif
lengket,negatif
lepas,negatif
lereng,negatif
lesu,negatif
letih,negatif
letusan,negatif
liar,negatif
licik,negatif
licin,negatif
lier,negatif
limbah,negatif
limbung,negatif
linglung,negatif
lintah,negatif
lirik,negatif
longgar,negatif
luah,negatif
luar biasa,negatif
lubang angin,negatif
lucu,negatif
luka,negatif
luka bakar,negatif
luka lecet,negatif
lumpuh,negatif
lumpur,negatif
lunak,negatif
lupa,negatif
lusuh,negatif
Maaf,negatif
mabuk,negatif
mabuk kepayang,negatif
mafia,negatif
mahal,negatif
main mata,negatif
main perempuan,negatif
mainan kerincingan,negatif
makian,negatif
makin,negatif
malang,negatif
malapetaka,negatif
malas,negatif
malu,negatif
malu-malu,negatif
mampat,negatif
mandek,negatif
manipulasi,negatif
manipulatif,negatif
manipulator,negatif
manja,negatif
marah,negatif
marah-marah,negatif
marginal,negatif
masalah,negatif
masam,negatif
mati,negatif
mati kelaparan,negatif
mati lemas,negatif
mati rasa,negatif
mati-matian,negatif
mau bertobat,negatif
megah,negatif
megap-megap,negatif
melalaikan,negatif
melambat,negatif
melampiaskan,negatif
melancarkan,negatif
melanggar,negatif
melanggar hukum,negatif
melanggar susila,negatif
melarang,negatif
melarikan diri,negatif
melawan hukum,negatif
melayu,negatif
melebih-lebihkan,negatif
melecehkan,negatif
meledak,negatif
melelahkan,negatif
melemahkan,negatif
melenceng,negatif
melengking,negatif
melengkingkan,negatif
melengkung,negatif
melenyapkan,negatif
melepaskan,negatif
melepuh,negatif
meleset,negatif
meletakkan-off,negatif
melibatkan,negatif
melimpahi,negatif
melinglungkan,negatif
melodramatis,negatif
melongo,negatif
melongsorkan,negatif
melucuti senjata,negatif
melukai,negatif
meluluhkan,negatif
melumpuhkan,negatif
melunakkan,negatif
meluruhkan,negatif
memabukkan,negatif
memadamkan,negatif
memakan waktu,negatif
memaksa,negatif
memaksakan,negatif
memalsukan,negatif
memalukan,negatif
memamerkan,negatif
memanaskan,negatif
memancing,negatif
memandang dengan marah,negatif
memandang rendah,negatif
memanjakan,negatif
memar,negatif
memarahi,negatif
memarahkan,negatif
memarut,negatif
mematahkan semangat,negatif
mematikan,negatif
membagi,negatif
membahas,negatif
membahayakan,negatif
membakar,negatif
membalas,negatif
membalikkan,negatif
membanjiri,negatif
membantah,negatif
Membantah,negatif
membara,negatif
membatalkan,negatif
membatasi,negatif
membatu,negatif
membayar lebih,negatif
membedakan,negatif
membeku,negatif
membekukan,negatif
membela,negatif
membelit,negatif
membenci,negatif
membengisi,negatif
memberatkan,negatif
memberhentikan,negatif
memberontak,negatif
membinasakan,negatif
membingungkan,negatif
membohong,negatif
memboikot,negatif
memboikot dr masyarakat,negatif
membolos,negatif
membombardir,negatif
membongkar,negatif
membosankan,negatif
membuang,negatif
membuang waktu,negatif
membuat,negatif
membuat bersedih hati,negatif
membuat bingung,negatif
membuat kasar,negatif
membuat malu,negatif
membubuhi gula,negatif
membujuk,negatif
membunuh,negatif
memburuk,negatif
memburukkan,negatif
memburuknya,negatif
membusuk,negatif
membutakan,negatif
memecat,negatif
memekakkan telinga,negatif
memenjarakan,negatif
mementingkan diri sendiri,negatif
memeras,negatif
memerciki,negatif
memerintahkan,negatif
memfitnah,negatif
memihak,negatif
memikat,negatif
memisahkan,negatif
memiskinkan,negatif
memohon,negatif
memperberat,negatif
memperbudak,negatif
memperdaya,negatif
memperdayakan,negatif
memperingatkan,negatif
memperkosa,negatif
memperlambat,negatif
memperlemah,negatif
mempersiapkan,negatif
mempesona,negatif
mempolemikkan,negatif
memprihatinkan,negatif
mempropagandakan,negatif
memprotes,negatif
memprovokasi,negatif
memuakkan,negatif
memuaskan diri,negatif
memudarnya,negatif
memukul,negatif
memukul dengan tongkat,negatif
memukul mundur,negatif
memuntahkan,negatif
memurahkan,negatif
memusnahkan,negatif
memutar,negatif
memutarbalikkan,negatif
memutuskan,negatif
menabrak,negatif
menahan,negatif
menakuti,negatif
menakutkan,negatif
menampar,negatif
menanamkan,negatif
menangis,negatif
menarik diri,negatif
menarik kembali,negatif
menarik perhatian,negatif
menaruh simpati,negatif
menasihati,negatif
mencabut,negatif
mencabut perlindungan hukum,negatif
mencaci,negatif
mencairkan,negatif
mencampuradukkan,negatif
mencampuri,negatif
mencap,negatif
mencekik,negatif
mencela,negatif
mencemari,negatif
mencemaskan,negatif
mencemoohkan,negatif
mencibir,negatif
mencicit,negatif
mencium,negatif
menciut-ciut,negatif
mencla-mencle,negatif
mencolok,negatif
mencopoti,negatif
mencubit,negatif
mencuci otak,negatif
mencuri,negatif
mencurigakan,negatif
mendadak,negatif
mendakwa,negatif
mendatang,negatif
mendatangkan,negatif
mendeklamasikan,negatif
menderita,negatif
menderita khayalan,negatif
menderita sekali,negatif
mendesak,negatif
mendesis,negatif
mendidih,negatif
mendistorsi,negatif
menduduki,negatif
menegur,negatif
menekan,negatif
menekankan,negatif
menelan,negatif
menentang,negatif
menertawakan,negatif
menetes,negatif
mengabaikan,negatif
mengaburkan,negatif
mengacak,negatif
mengacaukan,negatif
mengaku,negatif
mengakui,negatif
mengalah,negatif
mengalahkan,negatif
mengalihkan,negatif
mengambil alih,negatif
mengamputasi,negatif
mengamuk,negatif
mengancam,negatif
mengancam jiwa,negatif
mengangkat bahu,negatif
menganiaya,negatif
mengatakan,negatif
mengebiri,negatif
mengecam,negatif
mengecewakan,negatif
mengecilkan,negatif
mengecilkan hati,negatif
mengejan,negatif
mengejek,negatif
mengejuntukan,negatif
mengejutkan,negatif
mengeksploitasi,negatif
mengeluarkan,negatif
mengeluarkan isi perut,negatif
mengeluh,negatif
mengelupas,negatif
mengembara,negatif
mengemis,negatif
mengendapkan,negatif
mengepung,negatif
mengerang,negatif
mengeras,negatif
mengerdilkan,negatif
mengerikan,negatif
mengering,negatif
mengerjakan dengan kurang baik,negatif
mengerti,negatif
mengerut,negatif
mengesalkan,negatif
menggagalkan,negatif
menggampangkan,negatif
mengganggu,negatif
mengganggu ketenangan,negatif
menggantikan,negatif
menggantung,negatif
menggaruk,negatif
menggarut,negatif
menggasak,negatif
menggelapkan,negatif
menggelegar,negatif
menggelepar,negatif
menggeliat-geliut,negatif
menggelikan,negatif
menggelisahkan,negatif
menggemparkan,negatif
menggentari,negatif
menggerakkan,negatif
menggeram,negatif
menggerenyet,negatif
menggerogoti,negatif
menggertak,negatif
menggerutu,negatif
menggigil,negatif
menggigit,negatif
menggila,negatif
menggiling,negatif
menggoda,negatif
menggoyang,negatif
menggugat,negatif
menggugurkan,negatif
menggulingkan,negatif
menggusarkan,negatif
menghadapi,negatif
menghalangi,negatif
menghalau,negatif
menghambat,negatif
menghancurkan,negatif
menghantui,negatif
menghapus,negatif
menghapuskan,negatif
menghasut,negatif
menghebohkan,negatif
mengherankan,negatif
menghilangkan,negatif
menghina,negatif
menghinakan,negatif
menghindari,negatif
menghujat,negatif
menghukum,negatif
menghukum sebelum memeriksa,negatif
mengigau,negatif
mengikis,negatif
mengindoktrinasikan,negatif
mengingkari,negatif
menginjak-injak,negatif
mengintai,negatif
mengintimidasi,negatif
mengintip,negatif
mengisap,negatif
mengkhawatirkan,negatif
mengkhianati,negatif
mengkritik,negatif
mengoceh,negatif
mengolesi,negatif
mengolok-olok,negatif
mengomel,negatif
mengorbankan,negatif
mengotori,negatif
mengotorkan,negatif
mengoyakkan,negatif
menguap,negatif
menguasai,negatif
mengumpat,negatif
mengumumkan kekurangan,negatif
mengundurkan diri,negatif
menguntungkan,negatif
mengurangi,negatif
menguras,negatif
mengusir,negatif
mengutuk,negatif
Mengutuk,negatif
meniadakan,negatif
menidurkan,negatif
menimbulkan,negatif
menimbulkan kebencian,negatif
menimpa,negatif
menindas,negatif
meninggal,negatif
meninggal dunia,negatif
meninggalkan,negatif
meningkat,negatif
meninju,negatif
menipu,negatif
menitis,negatif
menjadi kaya,negatif
menjadi terlalu panas,negatif
menjarah,negatif
menjatuhkan,negatif
menjauhkan,negatif
menjauhkan diri,negatif
menjelekkan,negatif
menjemukan,negatif
menjengkelkan,negatif
menjerat,negatif
menjerit,negatif
menjijikkan,negatif
menjiplak tulisan,negatif
menodai,negatif
menohok,negatif
menolak,negatif
menonjol,negatif
mentah,negatif
menuduh,negatif
menumbangkan,negatif
menumpahkan,negatif
menunda,negatif
menunduk,negatif
menundukkan,negatif
menuntut,negatif
menurun,negatif
menurunkan,negatif
menurunkan nilai,negatif
menusuk,negatif
menutup jalan,negatif
menyaingi,negatif
menyakiti,negatif
menyakitkan,negatif
menyala,negatif
menyalahgunakan,negatif
menyalahkan,negatif
menyangkal,negatif
menyangsikan,negatif
menyapa,negatif
menyayangkan,negatif
menyayat,negatif
menyayat hati,negatif
menyebalkan,negatif
menyederhanakan,negatif
menyedihkan,negatif
menyelinap,negatif
menyembunyikan,negatif
menyenangkan,negatif
menyengat,negatif
menyentakkan,negatif
menyerah,negatif
menyeramkan,negatif
menyerang,negatif
menyerbu,negatif
menyeret,negatif
menyesali,negatif
menyesalkan,negatif
menyesatkan,negatif
menyesatkan pikiran,negatif
menyia nyiakan,negatif
menyiangi,negatif
menyihir,negatif
menyiksa,negatif
menyilaukan,negatif
menyimpang,negatif
menyindir,negatif
menyinggung,negatif
menyita pikiran,negatif
menyolok,negatif
menyombongkan,negatif
menyumbat,negatif
menyumpahi,negatif
menyusahkan,negatif
menyusup,negatif
menyusut,negatif
meracuni,negatif
meragukan,negatif
merajalela,negatif
merajuk,negatif
merampas,negatif
merana,negatif
merancang,negatif
merangsang,negatif
merasa jijik,negatif
merata,negatif
meratap,negatif
meratapi,negatif
meraup,negatif
merayap,negatif
merebut,negatif
meremas,negatif
meremehkan,negatif
merencanakan,negatif
merendahkan,negatif
merendahkan martabat,negatif
merengek,negatif
merenung,negatif
merepet,negatif
meresahkan,negatif
meretas,negatif
merinding,negatif
meringis,negatif
merobek,negatif
merokok,negatif
merongrong,negatif
merosot,negatif
merugikan,negatif
merusak,negatif
merusak akhlak,negatif
merusak bentuk,negatif
merusakkan,negatif
mewah,negatif
meyakinkan,negatif
mimpi buruk,negatif
miring,negatif
misinformasi,negatif
miskin,negatif
misteri,negatif
misterius,negatif
mitos,negatif
momok,negatif
mubazir,negatif
mudah terharu,negatif
mudah tersinggung,negatif
mudah tertipu,negatif
multi-polarisasi,negatif
munafik,negatif
mundur,negatif
mungil,negatif
mungkin,negatif
mungkir,negatif
muntah,negatif
muntahan,negatif
muntahan kebencian,negatif
murah,negatif
murahan,negatif
muram,negatif
murka,negatif
murtad,negatif
murung,negatif
muslihat,negatif
mustahil,negatif
musuh,negatif
nafsu berahi,negatif
nafsu berperang,negatif
naif,negatif
najis,negatif
nakal,negatif
ndeso,negatif
negatif,negatif
nekat,negatif
nenek,negatif
nepotisme,negatif
neraka,negatif
neurotik,negatif
ngambek,negatif
ngawur,negatif
ngelantur,negatif
ngeri,negatif
ngobrol,negatif
ngomel,negatif
noda,negatif
noda-noda,negatif
non-aktif,negatif
non-keyakinan,negatif
nyaring,negatif
nyengir,negatif
nyeri,negatif
nyinyir,negatif
nyonya,negatif
obat bius,negatif
obrolan,negatif
obsesif,negatif
obyek,negatif
ocehan,negatif
ogah-ogahan,negatif
omelan,negatif
omong kosong,negatif
oportunistik,negatif
oposisi,negatif
orak,negatif
orang asing,negatif
orang bodoh,negatif
orang buangan,negatif
orang canggung,negatif
orang celaka,negatif
orang dungu,negatif
orang fanatik,negatif
orang gila,negatif
orang ingkar,negatif
orang kikir,negatif
orang luar,negatif
orang membenci,negatif
orang miskin,negatif
otokrat,negatif
otokratis,negatif
otoriter,negatif
overakting,negatif
padat,negatif
pagar,negatif
pahit,negatif
paksaan,negatif
paling aneh,negatif
paling kejam,negatif
paling lambat,negatif
paling menakutkan,negatif
palsu,negatif
panas,negatif
panci,negatif
pandangan marah,negatif
pandangan yg menghinakan,negatif
panggilan,negatif
panggilan dari pengadilan,negatif
panik,negatif
panjang,negatif
paradoks,negatif
paradoksal,negatif
parah,negatif
paranoia,negatif
paranoid,negatif
parasit,negatif
paria,negatif
parno,negatif
parodi,negatif
partisan,negatif
pasif,negatif
pasrah,negatif
pasti,negatif
patah,negatif
patah hati,negatif
patuh,negatif
patung,negatif
payudara,negatif
pecah,negatif
pecahnya,negatif
pecandu,negatif
pecundang,negatif
pedas,negatif
pedih,negatif
pekerja buruk,negatif
pekerjaan rumah,negatif
pelabuhan,negatif
pelacur,negatif
pelakunya,negatif
pelalaian,negatif
pelan-pelan,negatif
pelanggar,negatif
pelanggar hukum,negatif
pelanggaran,negatif
pelanggaran hukum,negatif
pelawak,negatif
pelemahan,negatif
pelepasan nafsu berahi,negatif
pelit,negatif
pelupa,negatif
pemabuk,negatif
pemalas,negatif
pemalsuan,negatif
pemarah,negatif
pembakar,negatif
pembakaran,negatif
pembalasan,negatif
pembangkang,negatif
pembangkangan,negatif
pembantaian,negatif
pembatalan,negatif
pembaur,negatif
pembekuan,negatif
pembela,negatif
pembenci,negatif
pembengkakan,negatif
pemberang,negatif
pemberontakan,negatif
Pembobolan,negatif
pembohong,negatif
pembongkar,negatif
pemborosan,negatif
pembual,negatif
pembuangan,negatif
pembuatan,negatif
pembubaran,negatif
pembukaan lagu,negatif
pembunuh,negatif
pembunuhan,negatif
pembunuhan besar-besaran,negatif
pemecahan,negatif
pemegatan,negatif
pemerasan,negatif
pemerkosaan,negatif
pemfitnah,negatif
pemfitnahan,negatif
pemilih,negatif
pemisahan,negatif
pemotongan,negatif
pemukulan,negatif
pemusnahan,negatif
pemutarbalikan,negatif
penaklukan,negatif
penakut,negatif
penalti,negatif
penangkapan,negatif
pencegah,negatif
pencemar,negatif
pencemas,negatif
pencurian,negatif
pendapat,negatif
pendendam,negatif
penderita,negatif
penderitaan,negatif
penderitaan mendalam,negatif
pendosa,negatif
penekanan,negatif
pengabaian,negatif
pengacau,negatif
pengaduan,negatif
pengakuan,negatif
pengamuk,negatif
penganggur,negatif
penganiaya,negatif
penganiayaan,negatif
pengap,negatif
pengasingan,negatif
pengeboman,negatif
pengecualian,negatif
pengecut,negatif
pengemis,negatif
pengenaan,negatif
pengepungan,negatif
pengeringan,negatif
pengganggu,negatif
penggerutu,negatif
penghancuran,negatif
penghasut,negatif
penghinaan,negatif
penghindaran,negatif
penghujatan,negatif
penghukuman,negatif
pengingatan,negatif
pengingkaran,negatif
pengiring jenazah,negatif
pengkhianat,negatif
pengkhianatan,negatif
pengkritik,negatif
pengobrol,negatif
pengotor,negatif
pengrusakan,negatif
pengumpatan,negatif
pengunduran diri,negatif
pengurangan,negatif
penindas,negatif
penindasan,negatif
penipu,negatif
penipuan,negatif
penjahat,negatif
penjara,negatif
penjara gelap bawah tanah,negatif
penjarah,negatif
penolakan,negatif
penuh,negatif
penuh benci,negatif
penuh celaan,negatif
penuh curiga,negatif
penuh dosa,negatif
penuh sesal,negatif
penumpasan,negatif
penundaan,negatif
penurunan,negatif
penurut,negatif
penyadap,negatif
penyakit,negatif
penyakit gila,negatif
penyalahgunaan,negatif
penyangkalan,negatif
penyederhanaan berlebihan,negatif
penyelewengan,negatif
penyembunyian,negatif
penyendiri,negatif
penyerbu,negatif
penyergapan,negatif
penyesalan,negatif
penyesat,negatif
penyesatan,negatif
penyiksaan,negatif
penyimpang,negatif
penyimpangan,negatif
penyisihan,negatif
penyok,negatif
penyuapan,negatif
penyusup,negatif
peot,negatif
peradangan,negatif
perampas,negatif
perampasan,negatif
perangkap,negatif
perasaan geli,negatif
perasaan waswas,negatif
perawan tua,negatif
perbedaan pendapat,negatif
perbuatan jahat,negatif
perbudakan,negatif
perdarahan,negatif
perebut,negatif
perempuan jahanam,negatif
perfidity,negatif
pergolakan,negatif
perhatian,negatif
perih sekali,negatif
peringatan,negatif
perjuangan,negatif
perkelahian,negatif
perlakuan kejam,negatif
perlawanan,negatif
perlu,negatif
permohonan,negatif
permusuhan,negatif
perpecahan,negatif
persahabatan,negatif
persaingan,negatif
perselisihan,negatif
pertempuran,negatif
pertengkaran,negatif
pertengkaran sengit,negatif
pertentangan,negatif
pertikaian,negatif
pertumpahan darah,negatif
pertunjukkan,negatif
perubahan,negatif
perusak,negatif
pesimis,negatif
pesimisme,negatif
pesimistis,negatif
pesta,negatif
pesta besar,negatif
pesuruh,negatif
petualangan,negatif
PHK,negatif
picik,negatif
picketed,negatif
pidana,negatif
piket,negatif
pikun,negatif
pilih-pilih,negatif
pimpinan salah,negatif
pincang,negatif
pingsan,negatif
pisah,negatif
pisau,negatif
piuh,negatif
plin-plan,negatif
polusi,negatif
prasangka,negatif
pratfall,negatif
prihatin,negatif
primitif,negatif
propaganda,negatif
protes,negatif
provokasi,negatif
provokatif,negatif
puas,negatif
pucat,negatif
pukulan,negatif
punah,negatif
punk,negatif
pura-pura,negatif
pusing,negatif
putus,negatif
putus asa,negatif
racun,negatif
radikal,negatif
Radikal,negatif
radikalisasi,negatif
ragu,negatif
ragu-ragu,negatif
rajin,negatif
raksasa,negatif
ramai,negatif
rambut rontok,negatif
rampasan,negatif
rantingly,negatif
rants,negatif
rapuh,negatif
rasa bersalah,negatif
rasa cemas,negatif
rasa gelisah,negatif
rasa sakit,negatif
rasa suram,negatif
rasa tidak berterimakasih,negatif
rasa tidak enak,negatif
rasis,negatif
rasisme,negatif
reaksioner,negatif
realistis,negatif
rebusan,negatif
redundansi,negatif
redup,negatif
relevan,negatif
remang,negatif
remang-remang,negatif
remeh,negatif
remehkan,negatif
rendah,negatif
rendah dinilai,negatif
rendahan,negatif
rentan,negatif
represi,negatif
represif,negatif
reruntuhan,negatif
resah,negatif
resesi,negatif
retak,negatif
retorik,negatif
retoris,negatif
rewel,negatif
reyot,negatif
ribet,negatif
ribut,negatif
rintik,negatif
risiko,negatif
riuh,negatif
roboh,negatif
rongsokan,negatif
ruam,negatif
rumah kaca,negatif
rumit,negatif
rumor,negatif
runtuh,negatif
rusak,negatif
rusuh,negatif
sabar,negatif
sabotase,negatif
sakit,negatif
sakit dirancang,negatif
sakit hati,negatif
sakit kepala,negatif
sakit punggung,negatif
sakit saraf,negatif
sakit-dibentuk,negatif
sakit-didefinisikan,negatif
sakit-digunakan,negatif
sakit-dipahami,negatif
sakit-penggunaan,negatif
sakitan,negatif
sakitnya tuh disini,negatif
salah,negatif
Salah,negatif
salah baca,negatif
salah hitung,negatif
salah informasi,negatif
salah membaca,negatif
salah menafsirkan,negatif
salah mengerti,negatif
salah mengucapkan,negatif
salah mengurus,negatif
salah menilai,negatif
salah menyebutkan,negatif
salah paham,negatif
salah pikiran,negatif
salah saji,negatif
salju longsor,negatif
saluran air,negatif
sama sekali,negatif
samar,negatif
samaran,negatif
sambilan,negatif
sampah,negatif
sandal bakiak,negatif
sandera,negatif
sangat,negatif
sangat efektif,negatif
sangat jahat,negatif
sangat lapar,negatif
sangat marah,negatif
sangat menakjubkan,negatif
sangat sedikit,negatif
sanggahan,negatif
sarkasme,negatif
sarkastik,negatif
saru,negatif
satir,negatif
satiris,negatif
sayangnya,negatif
sebelum waktunya,negatif
sedang saja,negatif
sederhana,negatif
sedih,negatif
sedikit,negatif
segan,negatif
segera,negatif
sejajar,negatif
selai,negatif
selang,negatif
selendang,negatif
selingan,negatif
selokan,negatif
sembarangan,negatif
sembrono,negatif
semburan,negatif
sementara,negatif
sempit,negatif
semrawut,negatif
sendirian,negatif
sengit,negatif
sensasi,negatif
sensasional,negatif
sensasionil,negatif
sentakan,negatif
sepakan,negatif
sepele,negatif
serakah,negatif
seram,negatif
serampangan,negatif
serangan,negatif
Serangan,negatif
serangan gencar,negatif
seret,negatif
serius,negatif
serong,negatif
sesat,negatif
setan,negatif
setengah hati,negatif
setia,negatif
sewenang-wenang,negatif
shamefulness,negatif
shamelessness,negatif
sia-sia,negatif
sial,negatif
sialan,negatif
sikap,negatif
siksaan,negatif
sindiran,negatif
sindroma,negatif
singkat,negatif
sinis,negatif
sinisme,negatif
sinting,negatif
siput,negatif
sirep,negatif
sisa-sisa,negatif
sisi bawah,negatif
sisi buta,negatif
siuman,negatif
skandal,negatif
skeptis,negatif
sobek,negatif
sok,negatif
sok nasehati,negatif
sok ngatur,negatif
sombong,negatif
sporadis,negatif
stagnasi,negatif
statis,negatif
steal,negatif
stereotip,negatif
stres,negatif
suam,negatif
suar,negatif
subversif,negatif
suka memandang rendah,negatif
sulit,negatif
sumbang,negatif
sundal,negatif
suram,negatif
susah,negatif
syok,negatif
tabir asap,negatif
tabu,negatif
tahayul,negatif
tahi,negatif
tai,negatif
tajam,negatif
taji,negatif
tak ada artinya,negatif
tak bahagia,negatif
tak baik,negatif
tak berarti,negatif
tak berdaya,negatif
tak bergairah,negatif
tak berguna,negatif
tak beriman,negatif
tak bermutu,negatif
tak bernyawa,negatif
tak berperasaan,negatif
tak berperikemanusiaan,negatif
tak berpindah-pindah,negatif
tak bersedia,negatif
tak biasa,negatif
tak dihargai,negatif
tak henti-hentinya,negatif
tak hormat,negatif
tak jelas,negatif
tak kelihatan,negatif
tak kenal ampun,negatif
tak kompeten,negatif
tak layak,negatif
tak menentu,negatif
tak pernah puas,negatif
tak populer,negatif
tak putus-putusnya,negatif
tak sehat,negatif
tak sepakat,negatif
tak setuju,negatif
tak tahu malu,negatif
tak tentu,negatif
tak terbayangkan,negatif
tak terbedakan,negatif
tak terdamaikan,negatif
tak terduga,negatif
tak terelakkan,negatif
tak terhindarkan,negatif
tak terhitung,negatif
tak terkatakan,negatif
tak terkendalikan,negatif
tak terpecahkan,negatif
tak terpenuhi,negatif
tak tertahankan,negatif
takhyul,negatif
takut,negatif
tamak,negatif
tamparan,negatif
tandus,negatif
tangki,negatif
tanpa,negatif
tanpa alasan,negatif
tanpa ampun,negatif
tanpa belas kasihan,negatif
tanpa berpikir,negatif
tanpa cinta,negatif
tanpa dasar,negatif
tanpa diketahui,negatif
tanpa hasil,negatif
tanpa henti,negatif
tanpa hukum,negatif
tanpa iman,negatif
tanpa kompromi,negatif
tanpa malu,negatif
tanpa pandang bulu,negatif
tanpa rebewes,negatif
tanpa sadar,negatif
tanpa semangat,negatif
tanpa tujuan,negatif
tantangan,negatif
tawanan,negatif
tawar-menawar,negatif
tebal,negatif
tegang,negatif
tegar,negatif
teguran,negatif
tekanan,negatif
telanjang,negatif
teliti,negatif
tenggelam,negatif
tenggelamnya,negatif
tengkar,negatif
teralihkan,negatif
teramat,negatif
teramati,negatif
terampil,negatif
terang-terangan,negatif
terangsang,negatif
terasa tidak enak,negatif
terasing,negatif
terbalik,negatif
terbandingkan,negatif
terbatas,negatif
terbawah,negatif
terbayangkan,negatif
terbelakang,negatif
terbodoh,negatif
terbuang,negatif
terbujuk,negatif
terbukti,negatif
terbunuh,negatif
terburu nafsu,negatif
terburuk,negatif
tercela,negatif
tercemar,negatif
terdefinisi,negatif
terdelusi,negatif
terduga,negatif
terencana,negatif
terfragmentasi,negatif
tergagap,negatif
terganggu,negatif
tergenang,negatif
tergesa-gesa,negatif
terhalang,negatif
terhambat,negatif
terhina,negatif
terhukum,negatif
teriakan,negatif
terik,negatif
terinfeksi,negatif
terinfestasi,negatif
terjal,negatif
terjangan,negatif
terjangkau,negatif
terjawab,negatif
terjelek,negatif
terkejut,negatif
terkena,negatif
terkenal,negatif
terkenal jahat,negatif
terkesima,negatif
terkulai,negatif
terkutuk,negatif
terlalu,negatif
terlalu banyak,negatif
terlalu berani,negatif
terlalu bersemangat,negatif
terlalu besar,negatif
terlalu mahal,negatif
terlalu menekankan,negatif
terlalu tinggi,negatif
terlambat,negatif
terlantar,negatif
terlarang,negatif
terlepas,negatif
terlibat,negatif
termiskin,negatif
ternoda,negatif
teror,negatif
terorirs,negatif
terorisme,negatif
terpencil,negatif
terpengaruh,negatif
terperangkap,negatif
terperanjat,negatif
terputus-putus,negatif
tersandung,negatif
tersangka,negatif
tersangkut,negatif
tersedak,negatif
terselesaikan,negatif
terselubung,negatif
tersembunyi,negatif
tersembunyi dan membahayakan,negatif
tersendat,negatif
tersentak-sentak,negatif
tersiksa,negatif
tersinggung,negatif
tersumbat,negatif
tertagihnya,negatif
tertahankan,negatif
tertanam di hati,negatif
tertancap,negatif
tertandingi,negatif
tertarik,negatif
tertekan,negatif
tertempa,negatif
tertinggal,negatif
tertipu,negatif
terurai,negatif
tiba-tiba,negatif
tidak,negatif
tidak ada,negatif
tidak ada reaksi,negatif
tidak adil,negatif
tidak akurat,negatif
tidak aman,negatif
tidak bagus,negatif
tidak benar,negatif
tidak beralasan,negatif
tidak berharga,negatif
tidak berhasil,negatif
tidak berhati-hati,negatif
tidak berkelanjutan,negatif
tidak berperasaan,negatif
tidak bertanggung jawab,negatif
tidak bijaksana,negatif
tidak cakap,negatif
tidak cukup,negatif
tidak curiga,negatif
tidak dapat diandalkan,negatif
tidak dapat digunakan,negatif
tidak dapat dipertahankan,negatif
tidak dapat diterima,negatif
tidak dibutuhkan,negatif
tidak didukung,negatif
tidak diinginkan,negatif
tidak diketahui,negatif
tidak disukai,negatif
tidak efektif,negatif
tidak efisien,negatif
tidak etis,negatif
tidak hormat,negatif
tidak jelas,negatif
tidak jujur,negatif
tidak kompeten,negatif
tidak kompetitif,negatif
tidak konsisten,negatif
tidak kreatif,negatif
tidak kuat,negatif
tidak layak,negatif
tidak lazim,negatif
tidak lengkap,negatif
tidak logis,negatif
tidak mampu,negatif
tidak masuk akal,negatif
tidak memadai,negatif
tidak mematuhi,negatif
tidak membantu,negatif
tidak memiliki,negatif
tidak memuaskan,negatif
tidak menarik,negatif
tidak mendukung,negatif
tidak menghargai,negatif
tidak menyenangkan,negatif
tidak menyetujui,negatif
tidak menyukai,negatif
tidak mungkin,negatif
tidak nyaman,negatif
tidak ortodoks,negatif
tidak pantas,negatif
tidak peduli,negatif
tidak peka,negatif
tidak penting,negatif
tidak perlu,negatif
tidak praktis,negatif
tidak produktif,negatif
tidak puas,negatif
tidak ramah,negatif
tidak rasional,negatif
tidak resmi,negatif
tidak sama,negatif
tidak sebanding,negatif
tidak seimbang,negatif
tidak sempurna,negatif
tidak setuju,negatif
tidak sopan,negatif
tidak suka,negatif
tidak tahu berterima kasih,negatif
tidak tegas,negatif
tidak tepat,negatif
tidak terbaca,negatif
tidak terbukti,negatif
tidak terdengar,negatif
tidak terduga,negatif
tidak terkalahkan,negatif
tidak tersedia,negatif
tidak tetap,negatif
tidak tulus,negatif
tidak wajar,negatif
tikungan,negatif
tikus,negatif
timbunan,negatif
timidness,negatif
timpang,negatif
tindak pencegahan,negatif
tindakan ekstrimis,negatif
tindakan merugikan,negatif
tindakan yg bodoh,negatif
tinggi harga-,negatif
tinggi hati,negatif
tinju,negatif
tipis,negatif
tipu,negatif
tipu daya,negatif
tipu muslihat,negatif
tirani,negatif
tolol,negatif
topangan,negatif
totaliter,negatif
tragedi,negatif
tragis,negatif
traped,negatif
trauma,negatif
traumatis,negatif
tuduhan,negatif
Tuduhan,negatif
tukang daging,negatif
tukang fitnah,negatif
tukang jualan,negatif
Tukang onar,negatif
tuli,negatif
Tumbang,negatif
tumpul,negatif
tuna karya,negatif
tunggul,negatif
Tunggul,negatif
tusukan,negatif
uap,negatif
ugal-ugalan,negatif
ulang,negatif
ular berbisa,negatif
ultimatum,negatif
ultra-garis keras,negatif
umpan,negatif
umpatan,negatif
untuk sementara,negatif
usang,negatif
usil,negatif
utuh,negatif
vagina,negatif
virus,negatif
volatil,negatif
vulgar,negatif
wabah,negatif
waria,negatif
was-was,negatif
waspada,negatif
wastafel,negatif
ya silahkan saja,negatif
Yahudi,negatif
